<?xml version="1.0" encoding="utf-8"?>
<!-- Copyright (C) 2014 The Android Open Source Project

     Licensed under the Apache License, Version 2.0 (the "License");
     you may not use this file except in compliance with the License.
     You may obtain a copy of the License at

          http://www.apache.org/licenses/LICENSE-2.0

     Unless required by applicable law or agreed to in writing, software
     distributed under the License is distributed on an "AS IS" BASIS,
     WITHOUT WARRANTIES OR CONDITIONS OF ANY KIND, either express or implied.
     See the License for the specific language governing permissions and
     limitations under the License.
-->

<!-- Adapted from OpenGapps -->
<config>
    <allow-in-power-save package="com.google.android.gms" />
    <allow-in-data-usage-save package="com.google.android.gms" />
    <allow-unthrottled-location package="com.google.android.gms" />
    <allow-ignore-location-settings package="com.google.android.gms" />
    <allow-in-power-save-except-idle package="com.google.android.apps.work.oobconfig" />
    <allow-in-data-usage-save package="com.google.android.apps.work.oobconfig" />
    <allow-in-power-save-except-idle package="com.google.android.apps.turbo" />
    <allow-implicit-broadcast action="com.google.android.checkin.CHECKIN_COMPLETE" />
    <allow-implicit-broadcast action="com.google.gservices.intent.action.GSERVICES_CHANGED" />
    <allow-implicit-broadcast action="com.google.gservices.intent.action.GSERVICES_OVERRIDE" />
    <allow-implicit-broadcast action="com.google.android.c2dm.intent.RECEIVE" />
    <allow-in-power-save-except-idle package="com.android.vending" />
    <allow-in-power-save package="com.google.android.volta" />
    <allow-in-power-save package="com.google.android.ims" />
    <allow-in-data-usage-save package="com.google.android.ims" />
    <app-link package="com.android.vending" />
    <system-user-whitelisted-app package="com.android.vending" />
    <system-user-whitelisted-app package="com.google.android.gms" />
    <system-user-whitelisted-app package="com.google.android.gms.policy_auth" />
    <system-user-blacklisted-app package="com.google.android.googlequicksearchbox" />
    <allow-association target="com.google.android.as" allowed="com.android.systemui" />
    <allow-association target="com.google.android.as" allowed="com.google.android.gms" />
    <allow-association target="com.google.android.as" allowed="com.google.android.gsf" />
	<app-link package="com.google.android.syncadapters.contacts" />
	<system-user-whitelisted-app package="com.google.android.syncadapters.contacts" />
	<allow-in-power-save-except-idle package="com.google.android.syncadapters.contacts" />
</config>

